delivery_id,step,arc_id,u,v,length_km,risk,variable_cost,is_tunnel_edge,lat_u,lon_u,lat_v,lon_v
1,0,-1,1827996421,21487210,0.019534,0.120546,0.017307,False,52.5200133,13.4049874,52.5201551,13.4048173
1,1,-1,21487210,29221504,0.017819,0.087855,0.015788,False,52.5201551,13.4048173,52.5200437,13.404628
1,2,208151,29221504,29221506,0.018668,0.037319,0.01654,False,52.5200437,13.404628,52.5199179,13.4048107
1,3,-1,29221506,2121324874,0.087234,0.151508,0.077289,False,52.5199179,13.4048107,52.519392,13.4057591
1,4,402938,2121324874,12913047864,0.011304,0.038037,0.010015,False,52.519392,13.4057591,52.5193148,13.4058678
1,5,402946,12913047864,13313285539,0.004559,0.038615,0.004039,False,52.5193148,13.4058678,52.5192837,13.4059117
1,6,402944,13313285539,3182529377,0.011962,0.038065,0.010598,False,52.5192837,13.4059117,52.5192021,13.4060269
1,7,402942,3182529377,12913047865,0.01829,0.037997,0.016205,False,52.5192021,13.4060269,52.5190782,13.4062047
1,8,402940,12913047865,12913047866,0.015722,0.038081,0.01393,False,52.5190782,13.4062047,52.5189711,13.4063564
1,9,267669,12913047866,6744165042,0.010429,0.038251,0.00924,False,52.5189711,13.4063564,52.5189003,13.4064575
1,10,267667,6744165042,6682293818,0.00991,0.038296,0.00878,False,52.5189003,13.4064575,52.5188317,13.406551
1,11,267665,6682293818,341340978,0.002191,0.039834,0.001941,False,52.5188317,13.406551,52.5188163,13.4065712
1,12,-1,341340978,21487209,0.062695,0.166175,0.055548,False,52.5188163,13.4065712,52.5183639,13.4070838
1,13,-1,21487209,9700774819,0.13551,0.400822,0.120062,False,52.5183639,13.4070838,52.517431,13.4083703
1,14,-1,9700774819,10567768816,0.117562,0.629467,0.10416,False,52.517431,13.4083703,52.5165009,13.408452
1,15,348204,10567768816,540765012,0.020893,0.041972,0.018511,False,52.5165009,13.408452,52.5163913,13.4087028
1,16,90847,540765012,12138231748,0.007332,0.042432,0.006497,False,52.5163913,13.4087028,52.5163598,13.408798
1,17,90849,12138231748,13755455681,0.007828,0.042382,0.006935,False,52.5163598,13.408798,52.5163371,13.4089075
1,18,90851,13755455681,258045540,0.004965,0.042726,0.004399,False,52.5163371,13.4089075,52.5163226,13.4089769
1,19,90853,258045540,13427198599,0.018691,0.041935,0.01656,False,52.5163226,13.4089769,52.516286,13.4092465
1,20,90855,13427198599,12348944560,0.017863,0.041808,0.015827,False,52.516286,13.4092465,52.5162543,13.4095053
1,21,90857,12348944560,28373970,0.019998,0.041633,0.017718,False,52.5162543,13.4095053,52.5162206,13.4097956
1,22,157995,28373970,3513425993,0.051226,0.041309,0.045386,False,52.5162206,13.4097956,52.5161071,13.4105293
1,23,157997,3513425993,3513423889,0.004502,0.041998,0.003989,False,52.5161071,13.4105293,52.5160974,13.4105939
1,24,157999,3513423889,28373972,0.011851,0.041251,0.0105,False,52.5160974,13.4105939,52.516069,13.4107627
1,25,104219,28373972,2882261426,0.008747,0.041327,0.00775,False,52.516069,13.4107627,52.5160474,13.410887
1,26,104221,2882261426,1920295912,0.077475,0.040744,0.068643,False,52.5160474,13.410887,52.5158822,13.4119993
1,27,104223,1920295912,4543931130,0.005139,0.041467,0.004553,False,52.5158822,13.4119993,52.5158713,13.4120731
1,28,104225,4543931130,28373974,0.017514,0.041018,0.015517,False,52.5158713,13.4120731,52.5158341,13.4123246
1,29,104227,28373974,4543931131,0.014155,0.041301,0.012542,False,52.5158341,13.4123246,52.5158041,13.4125279
1,30,104229,4543931131,3513423878,0.003907,0.042321,0.003461,False,52.5158041,13.4125279,52.5157958,13.412584
1,31,104231,3513423878,3513423874,0.017042,0.041559,0.015099,False,52.5157958,13.412584,52.5157624,13.4128298
1,32,-1,3513423874,3513423870,0.150716,0.215488,0.133535,False,52.5157624,13.4128298,52.5157526,13.415027
1,33,-1,3513423870,21487224,0.205802,0.510873,0.182341,False,52.5157526,13.415027,52.515468,13.417996
1,34,-1,21487224,29215073,0.184481,0.613764,0.163451,False,52.515468,13.417996,52.5138232,13.4176518
1,35,-1,29215073,196724115,0.032774,0.088721,0.029038,False,52.5138232,13.4176518,52.5135292,13.4176793
1,36,216610,196724115,13393969584,0.006267,0.070562,0.005552,False,52.5135292,13.4176793,52.5134742,13.4176591
1,37,216608,13393969584,2306736434,0.005987,0.044137,0.005304,False,52.5134742,13.4176591,52.5134221,13.4176368
1,38,216606,2306736434,13393969582,0.003271,0.044733,0.002898,False,52.5134221,13.4176368,52.5133938,13.4176236
1,39,508281,13393969582,13393969583,0.006889,0.043831,0.006104,False,52.5133938,13.4176236,52.5133342,13.4175958
1,40,508283,13393969583,2306732499,0.043449,0.043051,0.038496,False,52.5133342,13.4175958,52.5129583,13.4174205
1,41,508285,2306732499,13393969589,0.031472,0.047776,0.027884,False,52.5129583,13.4174205,52.5126862,13.4172925
1,42,508289,13393969589,4863745847,0.019541,0.05153,0.017313,False,52.5126862,13.4172925,52.5125175,13.4172116
1,43,508287,4863745847,21487230,0.008663,0.062671,0.007675,False,52.5125175,13.4172116,52.5124429,13.4171747
1,44,456518,21487230,13160877147,0.007837,0.043863,0.006943,False,52.5124429,13.4171747,52.5123754,13.4171414
1,45,508297,13160877147,6900306510,0.001336,0.047122,0.001183,False,52.5123754,13.4171414,52.5123639,13.4171357
1,46,508295,6900306510,13393969614,0.021698,0.04397,0.019224,False,52.5123639,13.4171357,52.5121764,13.4170469
1,47,508293,13393969614,13393969595,0.011814,0.044443,0.010467,False,52.5121764,13.4170469,52.5120743,13.4169986
1,48,508303,13393969595,13393969611,0.005681,0.045048,0.005033,False,52.5120743,13.4169986,52.5120252,13.4169754
1,49,508301,13393969611,28794540,0.021212,0.044867,0.018793,False,52.5120252,13.4169754,52.5118419,13.4168886
1,50,508299,28794540,13393969594,0.029231,0.051119,0.025898,False,52.5118419,13.4168886,52.5115893,13.416769
1,51,508291,13393969594,13393969620,0.020668,0.046022,0.018312,False,52.5115893,13.416769,52.5114107,13.4166844
1,52,19427,13393969620,13155126346,0.012844,0.04647,0.01138,False,52.5114107,13.4166844,52.5112997,13.4166319
1,53,19425,13155126346,3352479273,0.004408,0.047348,0.003906,False,52.5112997,13.4166319,52.5112623,13.4166103
1,54,19423,3352479273,26960762,0.031315,0.05234,0.027745,False,52.5112623,13.4166103,52.5109966,13.4164569
1,55,245360,26960762,3352479268,0.013618,0.059731,0.012065,False,52.5109966,13.4164569,52.5108842,13.416377
1,56,245358,3352479268,13155126348,0.004604,0.048467,0.004079,False,52.5108842,13.416377,52.5108462,13.41635
1,57,245356,13155126348,3352479236,0.015974,0.048049,0.014153,False,52.5108462,13.41635,52.5107163,13.4162492
1,58,245354,3352479236,287923220,0.016937,0.048438,0.015007,False,52.5107163,13.4162492,52.5105786,13.4161422
1,59,515400,287923220,13393969623,0.012237,0.04885,0.010842,False,52.5105786,13.4161422,52.510479,13.4160653
1,60,515398,13393969623,3352479263,0.014464,0.049133,0.012815,False,52.510479,13.4160653,52.5103613,13.4159743
1,61,508307,3352479263,4016416628,0.012594,0.04949,0.011158,False,52.5103613,13.4159743,52.5102593,13.4158934
1,62,508305,4016416628,13393969626,0.014602,0.049785,0.012938,False,52.5102593,13.4158934,52.5101406,13.4158011
1,63,224850,13393969626,7045572536,0.060441,0.05097,0.053551,False,52.5101406,13.4158011,52.5096493,13.415419
1,64,224848,7045572536,13393969657,0.119908,0.055188,0.106238,False,52.5096493,13.415419,52.5086747,13.4146607
1,65,508309,13393969657,5491239139,0.027843,0.054624,0.024669,False,52.5086747,13.4146607,52.5084484,13.4144846
1,66,331358,5491239139,11061559948,0.03726,0.055521,0.033013,False,52.5084484,13.4144846,52.5081446,13.4142523
1,67,331356,11061559948,11061559945,0.00503,0.057226,0.004457,False,52.5081446,13.4142523,52.5081036,13.4142209
1,68,331354,11061559945,21487232,0.013839,0.056429,0.012261,False,52.5081036,13.4142209,52.5079908,13.4141345
1,69,331364,21487232,11061559944,0.014047,0.056756,0.012446,False,52.5079908,13.4141345,52.5078763,13.4140468
1,70,331362,11061559944,11061559947,0.005434,0.057893,0.004815,False,52.5078763,13.4140468,52.507832,13.4140129
1,71,331360,11061559947,13391527943,0.013402,0.057239,0.011874,False,52.507832,13.4140129,52.507723,13.4139284
1,72,507512,13391527943,734445172,0.05501,0.058056,0.048739,False,52.507723,13.4139284,52.5072756,13.4135815
1,73,507514,734445172,7569626500,0.019252,0.058821,0.017058,False,52.5072756,13.4135815,52.5071201,13.4134564
1,74,294879,7569626500,9847909117,0.018995,0.059285,0.01683,False,52.5071201,13.4134564,52.5069667,13.4133329
1,75,294877,9847909117,29218293,0.017515,0.06917,0.015518,False,52.5069667,13.4133329,52.5068245,13.4132216
1,76,507518,29218293,10701072015,0.018164,0.060164,0.016094,False,52.5068245,13.4132216,52.5066779,13.4131032
1,77,507516,10701072015,13391527956,0.045694,0.060964,0.040485,False,52.5066779,13.4131032,52.506306,13.412816
1,78,261058,13391527956,4515453625,0.007569,0.062128,0.006707,False,52.506306,13.412816,52.5062444,13.4127684
1,79,261056,4515453625,734451594,0.020555,0.061877,0.018211,False,52.5062444,13.4127684,52.5060776,13.4126375
1,80,261054,734451594,13391569609,0.028245,0.062437,0.025025,False,52.5060776,13.4126375,52.5058484,13.4124576
1,81,261052,13391569609,29215049,0.115799,0.064975,0.102598,False,52.5058484,13.4124576,52.5049088,13.4117198
1,82,-1,29215049,10678191442,0.02976,0.267984,0.026367,False,52.5049088,13.4117198,52.504683,13.4115419
1,83,357761,10678191442,1287556338,0.015572,0.066512,0.013797,False,52.504683,13.4115419,52.5045572,13.4114408
1,84,357759,1287556338,1287556271,0.011405,0.066995,0.010105,False,52.5045572,13.4114408,52.5044649,13.4113673
1,85,357753,1287556271,10678191437,0.016576,0.067148,0.014686,False,52.5044649,13.4113673,52.5043302,13.4112624
1,86,21703,10678191437,3875882005,0.013792,0.067587,0.012219,False,52.5043302,13.4112624,52.5042181,13.4111752
1,87,21701,3875882005,3875882004,0.005387,0.068725,0.004773,False,52.5042181,13.4111752,52.5041743,13.4111412
1,88,21699,3875882004,29215046,0.015059,0.078984,0.013342,False,52.5041743,13.4111412,52.5040523,13.4110446
1,89,-1,29215046,287447547,0.027052,0.422786,0.023968,False,52.5040523,13.4110446,52.5038562,13.4108111
1,90,514769,287447547,287447544,0.007579,0.069396,0.006715,False,52.5038562,13.4108111,52.5038499,13.4106996
1,91,514771,287447544,287447539,0.009666,0.069347,0.008564,False,52.5038499,13.4106996,52.5038192,13.410566
1,92,514773,287447539,287447534,0.006802,0.094158,0.006027,False,52.5038192,13.410566,52.5037915,13.4104764
1,93,514775,287447534,287447548,0.007595,0.091674,0.006729,False,52.5037915,13.4104764,52.5037433,13.4103969
1,94,514745,287447548,287447532,0.006908,0.070213,0.006121,False,52.5037433,13.4103969,52.5036839,13.410367
1,95,514747,287447532,13481927576,0.001946,0.073545,0.001724,False,52.5036839,13.410367,52.5036664,13.4103665
1,96,514749,13481927576,287447531,0.006228,0.070514,0.005518,False,52.5036664,13.4103665,52.5036104,13.4103648
1,97,514751,287447531,287447530,0.008183,0.090452,0.00725,False,52.5036104,13.4103648,52.503541,13.410405
1,98,514753,287447530,287447529,0.00889,0.07028,0.007877,False,52.503541,13.410405,52.5034696,13.4104641
1,99,514755,287447529,13233583767,0.001462,0.075373,0.001296,False,52.5034696,13.4104641,52.5034609,13.4104803
1,100,-1,13233583767,13233583786,0.036878,0.702786,0.032674,False,52.5034609,13.4104803,52.5031494,13.4103159
1,101,471247,13233583786,9892265905,0.011867,0.07115,0.010514,False,52.5031494,13.4103159,52.5030537,13.4102383
1,102,155714,9892265905,1370001611,0.025537,0.07136,0.022626,False,52.5030537,13.4102383,52.5028477,13.4100715
1,103,155716,1370001611,3940447306,0.016383,0.071948,0.014515,False,52.5028477,13.4100715,52.502716,13.409963
1,104,155718,3940447306,4779355605,0.012906,0.072403,0.011435,False,52.502716,13.409963,52.5026109,13.4098821
1,105,155720,4779355605,9892381726,0.032503,0.077841,0.028797,False,52.5026109,13.4098821,52.5023464,13.4096777
1,106,398519,9892381726,9892381717,0.004691,0.0745,0.004156,False,52.5023464,13.4096777,52.502308,13.409649
1,107,398521,9892381717,283190210,0.007599,0.073953,0.006733,False,52.502308,13.409649,52.5022458,13.4096025
1,108,297037,283190210,1211114755,0.012904,0.073779,0.011433,False,52.5022458,13.4096025,52.5021413,13.4095196
1,109,297039,1211114755,5984003379,0.030665,0.07411,0.027169,False,52.5021413,13.4095196,52.501892,13.4093259
1,110,297041,5984003379,5984003383,0.005906,0.075471,0.005233,False,52.501892,13.4093259,52.5018439,13.4092889
1,111,297043,5984003383,21487231,0.011057,0.07503,0.009796,False,52.5018439,13.4092889,52.5017536,13.4092205
1,112,357745,21487231,5984004385,0.01089,0.090463,0.009649,False,52.5017536,13.4092205,52.5016662,13.4091479
1,113,357743,5984004385,5984003380,0.006532,0.076006,0.005787,False,52.5016662,13.4091479,52.5016134,13.4091056
1,114,357741,5984003380,4779383494,0.024776,0.075593,0.021952,False,52.5016134,13.4091056,52.5014127,13.4089466
1,115,357739,4779383494,6515239376,0.009729,0.076382,0.00862,False,52.5014127,13.4089466,52.501334,13.4088838
1,116,357737,6515239376,10678191241,0.003421,0.078154,0.003031,False,52.501334,13.4088838,52.5013063,13.4088618
1,117,357735,10678191241,10678191256,0.047658,0.080336,0.042225,False,52.5013063,13.4088618,52.5009203,13.4085558
1,118,357747,10678191256,9945042609,0.020567,0.085636,0.018223,False,52.5009203,13.4085558,52.5007537,13.4084238
1,119,19525,9945042609,4779346229,0.028657,0.083932,0.02539,False,52.5007537,13.4084238,52.5005216,13.4082398
1,120,19523,4779346229,10678191258,0.028055,0.078844,0.024857,False,52.5005216,13.4082398,52.5002928,13.4080651
1,121,19521,10678191258,10678191295,0.018197,0.079448,0.016122,False,52.5002928,13.4080651,52.5001444,13.4079518
1,122,19519,10678191295,5941363173,0.006595,0.080467,0.005843,False,52.5001444,13.4079518,52.5000906,13.4079108
1,123,19517,5941363173,10678191294,0.004584,0.081169,0.004062,False,52.5000906,13.4079108,52.5000532,13.4078823
1,124,19515,10678191294,29216564,0.005418,0.080998,0.004801,False,52.5000532,13.4078823,52.500009,13.4078486
1,125,19513,29216564,10882922396,0.011267,0.080411,0.009982,False,52.500009,13.4078486,52.4999173,13.4077778
1,126,19511,10882922396,13585288046,0.00398,0.081955,0.003527,False,52.4999173,13.4077778,52.4998849,13.4077528
1,127,19509,13585288046,13585288050,0.102804,0.082232,0.091084,False,52.4998849,13.4077528,52.4990482,13.4071067
1,128,19507,13585288050,10882922389,0.005358,0.083545,0.004747,False,52.4990482,13.4071067,52.4990046,13.407073
1,129,19505,10882922389,29216567,0.008342,0.083291,0.007391,False,52.4990046,13.407073,52.4989367,13.4070206
1,130,19455,29216567,10882922390,0.011818,0.083123,0.010471,False,52.4989367,13.4070206,52.4989838,13.4068641
1,131,19453,10882922390,10882922391,0.001718,0.086493,0.001522,False,52.4989838,13.4068641,52.4989907,13.4068414
1,132,19451,10882922391,13585288028,0.00036,0.101303,0.000319,False,52.4989907,13.4068414,52.4989921,13.4068366
1,133,19449,13585288028,10678429978,0.019108,0.083031,0.016929,False,52.4989921,13.4068366,52.4990683,13.4065836
1,134,19447,10678429978,10678429976,0.005358,0.083969,0.004747,False,52.4990683,13.4065836,52.4990896,13.4065126
1,135,19445,10678429976,10678429974,0.003395,0.084718,0.003008,False,52.4990896,13.4065126,52.4991032,13.4064677
1,136,19443,10678429974,10678429969,0.04658,0.083141,0.04127,False,52.4991032,13.4064677,52.4992889,13.4058509
1,137,19441,10678429969,10678429971,0.000912,0.090407,0.000808,False,52.4992889,13.4058509,52.4992925,13.4058388
1,138,19439,10678429971,10678429967,0.00325,0.085097,0.002879,False,52.4992925,13.4058388,52.4993055,13.4057958
1,139,19437,10678429967,10882922400,0.064202,0.083474,0.056883,False,52.4993055,13.4057958,52.4995614,13.4049456
1,140,19435,10882922400,10678429965,0.010024,0.084095,0.008881,False,52.4995614,13.4049456,52.4996014,13.4048129
1,141,19433,10678429965,13591310731,0.037868,0.083822,0.033551,False,52.4996014,13.4048129,52.4997523,13.4043114
1,142,19431,13591310731,10882954105,0.003256,0.086368,0.002885,False,52.4997523,13.4043114,52.4997653,13.4042683
1,143,19429,10882954105,29216565,0.007923,0.084796,0.007019,False,52.4997653,13.4042683,52.4997969,13.4041634
1,144,309245,29216565,5261937552,0.003739,0.086148,0.003313,False,52.4997969,13.4041634,52.4997677,13.404136
1,145,309247,5261937552,8567314893,0.039176,0.08491,0.034709,False,52.4997677,13.404136,52.4994549,13.4038697
1,146,309249,8567314893,1795182927,0.005236,0.086128,0.004639,False,52.4994549,13.4038697,52.4994131,13.4038341
1,147,309251,1795182927,10678429936,0.074762,0.086726,0.066239,False,52.4994131,13.4038341,52.4988097,13.4033469
1,148,357964,10678429936,10243398750,0.004,0.088422,0.003544,False,52.4988097,13.4033469,52.4987778,13.4033196
1,149,357966,10243398750,10678429929,0.014419,0.087549,0.012776,False,52.4987778,13.4033196,52.4986621,13.4032234
1,150,357968,10678429929,10882954118,0.01774,0.097192,0.015718,False,52.4986621,13.4032234,52.4985171,13.4031141
2,0,-1,1827996421,21487210,0.019534,0.096437,0.017307,False,52.5200133,13.4049874,52.5201551,13.4048173
2,1,-1,21487210,29221504,0.017819,0.070284,0.015788,False,52.5201551,13.4048173,52.5200437,13.404628
2,2,-1,29221504,1472911017,0.312473,0.441914,0.276851,False,52.5200437,13.404628,52.5183374,13.4009903
2,3,-1,1472911017,25665646,0.338433,0.58369,0.299852,False,52.5183374,13.4009903,52.5175323,13.3962739
2,4,-1,25665646,3378459431,0.077975,0.157872,0.069086,False,52.5175323,13.3962739,52.5174586,13.3951279
2,5,-1,3378459431,1263312256,0.135959,0.489748,0.12046,False,52.5174586,13.3951279,52.5173792,13.3931349
2,6,-1,1263312256,27005148,0.03842,0.330565,0.03404,False,52.5173792,13.3931349,52.5173862,13.3925755
2,7,-1,27005148,25664841,0.128167,0.291681,0.113556,False,52.5173862,13.3925755,52.5172688,13.3906912
2,8,-1,25664841,21487242,0.128671,0.309865,0.114003,False,52.5172688,13.3906912,52.5171468,13.3888002
2,9,-1,21487242,25662562,0.206883,0.393333,0.183298,False,52.5171468,13.3888002,52.5169511,13.3857597
2,10,-1,25662562,25664713,0.123858,0.271296,0.109738,False,52.5169511,13.3857597,52.5168328,13.3839396
2,11,-1,25664713,21487180,0.218129,0.423817,0.193263,False,52.5168328,13.3839396,52.516619,13.3807352
2,12,169243,21487180,3767874554,0.00982,0.04696,0.0087,False,52.516619,13.3807352,52.516706,13.3807103
2,13,169241,3767874554,3767875469,0.007401,0.046829,0.006558,False,52.516706,13.3807103,52.516772,13.3806961
2,14,169239,3767875469,10295337942,0.035008,0.046547,0.031017,False,52.516772,13.3806961,52.5170848,13.3806374
2,15,342689,10295337942,10889595182,0.004589,0.046161,0.004066,False,52.5170848,13.3806374,52.5171258,13.3806296
2,16,342687,10889595182,10889595185,0.002676,0.046292,0.002371,False,52.5171258,13.3806296,52.5171497,13.380625
2,17,342685,10889595185,10889595189,0.026475,0.045779,0.023457,False,52.5171497,13.380625,52.5173862,13.3805798
2,18,342683,10889595189,4351377008,0.026743,0.04529,0.023694,False,52.5173862,13.3805798,52.5176251,13.3805342
2,19,258839,4351377008,5394001568,0.040524,0.044779,0.035904,False,52.5176251,13.3805342,52.517987,13.3804636
2,20,258837,5394001568,5394001566,0.002359,0.044581,0.00209,False,52.517987,13.3804636,52.5180081,13.38046
2,21,258835,5394001566,6400342990,0.007037,0.044148,0.006235,False,52.5180081,13.38046,52.518071,13.3804485
2,22,217333,6400342990,5394001567,0.009429,0.044028,0.008354,False,52.518071,13.3804485,52.5180628,13.3803098
2,23,217331,5394001567,10889595198,0.002753,0.0444,0.002439,False,52.5180628,13.3803098,52.5180599,13.3802694
2,24,217329,10889595198,538810542,0.006131,0.044154,0.005432,False,52.5180599,13.3802694,52.5180589,13.3801788
2,25,217327,538810542,12077445802,0.126839,0.044748,0.11238,False,52.5180589,13.3801788,52.5179324,13.3783158
2,26,392023,12077445802,12077445807,0.059144,0.04512,0.052402,False,52.5179324,13.3783158,52.5178734,13.3774471
2,27,392021,12077445807,175652814,0.003025,0.045571,0.00268,False,52.5178734,13.3774471,52.5178693,13.3774029
2,28,160319,175652814,5824657591,0.014116,0.045342,0.012507,False,52.5178693,13.3774029,52.517834,13.3772025
2,29,160317,5824657591,5824657592,0.006886,0.045522,0.006101,False,52.517834,13.3772025,52.517809,13.3771094
2,30,160315,5824657592,1447899974,0.009883,0.045555,0.008756,False,52.517809,13.3771094,52.5177819,13.3769703
2,31,3649,1447899974,1348697004,0.009602,0.045645,0.008507,False,52.5177819,13.3769703,52.5177583,13.3768338
2,32,-1,1348697004,26870674,0.181743,1.056434,0.161025,False,52.5177583,13.3768338,52.5162649,13.3767058
2,33,-1,26870674,1342724020,0.465813,0.614636,0.41271,False,52.5162649,13.3767058,52.515827,13.3698596
2,34,-1,1342724020,21487173,1.285661,1.831977,1.139096,False,52.515827,13.3698596,52.5148203,13.3509947
2,35,303024,21487173,8977088994,0.005037,0.053268,0.004463,False,52.5148203,13.3509947,52.5148585,13.3509547
2,36,-1,8977088994,27011222,0.043282,0.264641,0.038348,False,52.5148585,13.3509547,52.5151008,13.3504668
2,37,-1,27011222,21487171,0.066931,0.419746,0.059301,False,52.5151008,13.3504668,52.5150436,13.3495172
2,38,-1,21487171,1337618621,0.047217,0.317416,0.041835,False,52.5150436,13.3495172,52.5147096,13.3491039
2,39,303025,1337618621,21487169,0.00486,0.053265,0.004306,False,52.5147096,13.3491039,52.5146676,13.349084
2,40,-1,21487169,27011311,0.763728,1.115971,0.676663,False,52.5146676,13.349084,52.5137394,13.3379838
2,41,-1,27011311,1999948493,0.147106,0.686649,0.130336,False,52.5137394,13.3379838,52.5135968,13.3358226
2,42,159680,1999948493,21677261,0.012236,0.062506,0.010842,False,52.5135968,13.3358226,52.5135851,13.3356428
2,43,-1,21677261,5194290241,0.274905,0.695203,0.243566,False,52.5135851,13.3356428,52.5133158,13.3316046
2,44,-1,5194290241,26704447,0.095558,0.394089,0.084664,False,52.5133158,13.3316046,52.5132222,13.3302009
2,45,-1,26704447,21487145,0.507377,1.290394,0.449536,False,52.5132222,13.3302009,52.5129021,13.3228117
2,46,-1,21487145,21487148,0.016581,0.157918,0.014691,False,52.5129021,13.3228117,52.5130228,13.3226683
2,47,-1,21487148,21487144,0.054239,0.556433,0.048056,False,52.5130228,13.3226683,52.5132003,13.321936
2,48,-1,21487144,251106770,0.022738,0.159359,0.020146,False,52.5132003,13.321936,52.5131843,13.3216014
2,49,-1,251106770,26727582,0.299809,1.467821,0.265631,False,52.5131843,13.3216014,52.5140527,13.3174346
2,50,-1,26727582,26727583,0.164202,0.716481,0.145483,False,52.5140527,13.3174346,52.5147264,13.3152758
2,51,4033,26727583,1757441436,0.007695,0.056854,0.006818,False,52.5147264,13.3152758,52.5147953,13.3152864
2,52,100103,1757441436,267620336,0.007947,0.073471,0.007041,False,52.5147953,13.3152864,52.5147486,13.3151975
2,53,-1,267620336,26727584,0.126191,0.400416,0.111805,False,52.5147486,13.3151975,52.5152716,13.3135427
2,54,152208,26727584,26938193,0.01475,0.057327,0.013069,False,52.5152716,13.3135427,52.5151544,13.3134406
2,55,412724,26938193,12887437513,0.007201,0.057938,0.00638,False,52.5151544,13.3134406,52.5150972,13.3133907
2,56,412726,12887437513,9999121362,0.005576,0.058314,0.00494,False,52.5150972,13.3133907,52.5150529,13.3133521
2,57,412728,9999121362,10558860561,0.001561,0.06141,0.001383,False,52.5150529,13.3133521,52.5150405,13.3133413
2,58,412730,10558860561,7978839587,0.026672,0.057914,0.023632,False,52.5150405,13.3133413,52.5148277,13.3131594
2,59,335387,7978839587,12325573535,0.013642,0.058414,0.012087,False,52.5148277,13.3131594,52.5147192,13.3130653
2,60,335389,12325573535,13020725878,0.012735,0.058693,0.011283,False,52.5147192,13.3130653,52.5146179,13.3129775
2,61,335391,13020725878,13020725881,0.025392,0.058921,0.022497,False,52.5146179,13.3129775,52.5144159,13.3128025
2,62,335393,13020725881,2368417494,0.006424,0.059817,0.005692,False,52.5144159,13.3128025,52.5143648,13.3127582
2,63,335395,2368417494,2368417485,0.008427,0.059733,0.007466,False,52.5143648,13.3127582,52.5142978,13.3127
2,64,335397,2368417485,13020725888,0.023249,0.059676,0.020598,False,52.5142978,13.3127,52.5141123,13.3125415
2,65,335399,13020725888,13020725892,0.010174,0.060238,0.009014,False,52.5141123,13.3125415,52.5140311,13.3124722
2,66,335401,13020725892,13020725896,0.003733,0.061437,0.003307,False,52.5140311,13.3124722,52.5140013,13.3124468
2,67,335403,13020725896,13020725900,0.00411,0.061352,0.003641,False,52.5140013,13.3124468,52.5139685,13.3124188
2,68,335405,13020725900,948037438,0.01578,0.060459,0.013981,False,52.5139685,13.3124188,52.5138426,13.3123112
2,69,335407,948037438,13020731603,0.005218,0.06141,0.004623,False,52.5138426,13.3123112,52.5137994,13.3122811
2,70,335409,13020731603,1019315512,0.002973,0.062427,0.002634,False,52.5137994,13.3122811,52.5137748,13.3122639
2,71,131568,1019315512,948037440,0.007208,0.061253,0.006386,False,52.5137748,13.3122639,52.513719,13.3122097
2,72,131570,948037440,1019315211,0.005663,0.061615,0.005018,False,52.513719,13.3122097,52.5136827,13.312151
2,73,131572,1019315211,2368417454,0.005068,0.061843,0.00449,False,52.5136827,13.312151,52.5136636,13.312083
2,74,131574,2368417454,27409576,0.004034,0.06224,0.003575,False,52.5136636,13.312083,52.5136563,13.3120246
2,75,412732,27409576,6771534624,0.016021,0.061202,0.014194,False,52.5136563,13.3120246,52.5136641,13.3117882
2,76,412734,6771534624,13020731627,0.006338,0.06192,0.005616,False,52.5136641,13.3117882,52.5136607,13.3116947
2,77,366633,13020731627,13020731638,0.006345,0.062006,0.005622,False,52.5136607,13.3116947,52.5136573,13.3116011
2,78,366635,13020731638,13020731639,0.017795,0.061575,0.015767,False,52.5136573,13.3116011,52.5136477,13.3113386
2,79,366637,13020731639,13020731657,0.017591,0.061818,0.015586,False,52.5136477,13.3113386,52.5136383,13.3110791
2,80,366639,13020731657,1019315246,0.026907,0.062051,0.023839,False,52.5136383,13.3110791,52.5136238,13.3106822
2,81,366631,1019315246,1019315421,0.022217,0.062443,0.019684,False,52.5136238,13.3106822,52.5135848,13.3103602
2,82,412736,1019315421,10611946646,0.046437,0.062913,0.041143,False,52.5135848,13.3103602,52.5135579,13.3096754
2,83,352956,10611946646,10558860559,0.001877,0.066329,0.001663,False,52.5135579,13.3096754,52.5135571,13.3096477
2,84,352958,10558860559,9999121383,0.001443,0.06741,0.001278,False,52.5135571,13.3096477,52.5135565,13.3096264
2,85,352960,9999121383,27409541,0.007922,0.063746,0.007019,False,52.5135565,13.3096264,52.5135589,13.3095094
2,86,352966,27409541,9999121385,0.00744,0.063888,0.006592,False,52.5135589,13.3095094,52.5135624,13.3093996
2,87,352968,9999121385,10611929934,0.007183,0.064013,0.006364,False,52.5135624,13.3093996,52.5135606,13.3092935
2,88,263737,10611929934,10558860577,0.010002,0.063886,0.008862,False,52.5135606,13.3092935,52.5135559,13.3091459
2,89,263739,10558860577,10558860580,0.00654,0.064324,0.005795,False,52.5135559,13.3091459,52.5135526,13.3090494
2,90,263741,10558860580,10558860583,0.002759,0.065751,0.002444,False,52.5135526,13.3090494,52.5135512,13.3090087
2,91,263743,10558860583,13020731698,0.0204,0.063945,0.018074,False,52.5135512,13.3090087,52.51354,13.3087078
2,92,412746,13020731698,3724261270,0.004861,0.065049,0.004307,False,52.51354,13.3087078,52.5135373,13.3086361
2,93,412748,3724261270,13020731699,0.010485,0.064457,0.009289,False,52.5135373,13.3086361,52.5135321,13.3084814
2,94,412738,13020731699,1227903974,0.009936,0.064624,0.008803,False,52.5135321,13.3084814,52.5135271,13.3083348
2,95,412740,1227903974,10558860586,0.006893,0.06501,0.006107,False,52.5135271,13.3083348,52.5135236,13.3082331
2,96,412742,10558860586,10558860591,0.024097,0.064642,0.02135,False,52.5135236,13.3082331,52.5135111,13.3078776
2,97,412744,10558860591,10243302161,0.017752,0.064974,0.015729,False,52.5135111,13.3078776,52.5135019,13.3076157
2,98,352970,10243302161,10611957375,0.012025,0.065308,0.010654,False,52.5135019,13.3076157,52.5134968,13.3074382
2,99,340334,10611957375,6221678516,0.003157,0.066898,0.002797,False,52.5134968,13.3074382,52.5134955,13.3073916
2,100,340336,6221678516,10558860597,0.002004,0.068133,0.001775,False,52.5134955,13.3073916,52.5134951,13.307362
2,101,340338,10558860597,6221678518,0.001516,0.069216,0.001343,False,52.5134951,13.307362,52.5134948,13.3073396
2,102,340340,6221678518,102918593,0.012561,0.065535,0.011129,False,52.5134948,13.3073396,52.5134882,13.3071543
2,103,-1,102918593,102918596,0.155133,0.587786,0.137448,False,52.5134882,13.3071543,52.514877,13.3069428
2,104,-1,102918596,10963058854,0.206234,0.650953,0.182723,False,52.514877,13.3069428,52.5167265,13.3067153
2,105,353006,10963058854,26784926,0.012407,0.076545,0.010992,False,52.5167265,13.3067153,52.5167196,13.3065323
2,106,353004,26784926,10002955540,0.009535,0.066246,0.008448,False,52.5167196,13.3065323,52.5167116,13.306392
2,107,353002,10002955540,10611939524,0.006711,0.066666,0.005946,False,52.5167116,13.306392,52.5167057,13.3062933
2,108,7493,10611939524,7004908579,0.025492,0.066422,0.022586,False,52.5167057,13.3062933,52.5166831,13.3059184
2,109,7491,7004908579,13019168012,0.014417,0.066896,0.012774,False,52.5166831,13.3059184,52.5166721,13.3057061
2,110,7489,13019168012,13019168009,0.002602,0.069034,0.002305,False,52.5166721,13.3057061,52.51667,13.3056678
2,111,7487,13019168009,13019168018,0.017754,0.067196,0.01573,False,52.51667,13.3056678,52.5166555,13.3054065
2,112,7485,13019168018,13019168015,0.014342,0.067558,0.012707,False,52.5166555,13.3054065,52.5166439,13.3051954
2,113,7483,13019168015,13019168021,0.018108,0.067806,0.016044,False,52.5166439,13.3051954,52.5166291,13.3049289
2,114,7481,13019168021,10002955543,0.014526,0.068172,0.01287,False,52.5166291,13.3049289,52.5166173,13.3047151
2,115,7479,10002955543,26784940,0.007553,0.068737,0.006692,False,52.5166173,13.3047151,52.5166107,13.304604
2,116,261543,26784940,10004990341,0.007475,0.068748,0.006623,False,52.5166107,13.304604,52.5165436,13.3046108
2,117,261545,10004990341,13047905398,0.019408,0.068166,0.017195,False,52.5165436,13.3046108,52.5163694,13.3046286
3,0,-1,1827996421,13334677280,0.379008,0.545571,0.335801,False,52.5200133,13.4049874,52.5221984,13.4092855
3,1,-1,13334677280,13907381360,0.025168,0.172592,0.022299,False,52.5221984,13.4092855,52.5223406,13.4095747
3,2,-1,13907381360,27411306,0.054431,0.220757,0.048226,False,52.5223406,13.4095747,52.5226495,13.4101981
3,3,-1,27411306,262469034,0.19154,0.701269,0.169705,False,52.5226495,13.4101981,52.5238926,13.4121513
3,4,164869,262469034,967017877,0.024129,0.048572,0.021378,False,52.5238926,13.4121513,52.524069,13.412359
3,5,-1,967017877,29123671,0.031369,0.14608,0.027793,False,52.524069,13.412359,52.5240274,13.4119004
3,6,-1,29123671,196741367,0.151315,0.713897,0.134065,False,52.5240274,13.4119004,52.5240533,13.4096737
3,7,104240,196741367,3837048413,0.009732,0.060789,0.008622,False,52.5240533,13.4096737,52.5241329,13.4097335
3,8,104238,3837048413,3837048414,0.00715,0.045803,0.006335,False,52.5241329,13.4097335,52.5241915,13.409777
3,9,104236,3837048414,1289731063,0.01179,0.045806,0.010446,False,52.5241915,13.409777,52.5242875,13.409851
3,10,104234,1289731063,12925994896,0.021162,0.046042,0.018749,False,52.5242875,13.409851,52.5244615,13.4099777
3,11,404565,12925994896,5451501378,0.002091,0.047754,0.001853,False,52.5244615,13.4099777,52.5244787,13.4099902
3,12,404563,5451501378,10201971104,0.003758,0.046998,0.00333,False,52.5244787,13.4099902,52.5245096,13.4100127
3,13,404561,10201971104,12925994895,0.0068,0.046659,0.006025,False,52.5245096,13.4100127,52.5245651,13.4100549
3,14,337601,12925994895,5451501377,0.011332,0.046637,0.01004,False,52.5245651,13.4100549,52.5246576,13.4101252
3,15,337599,5451501377,10760477364,0.006102,0.047042,0.005407,False,52.5246576,13.4101252,52.5247074,13.4101631
3,16,337597,10760477364,10760477361,0.098688,0.048237,0.087438,False,52.5247074,13.4101631,52.5255129,13.4107756
3,17,362400,10760477361,9830552393,0.039866,0.049015,0.035322,False,52.5255129,13.4107756,52.5258383,13.411023
3,18,362398,9830552393,29221562,0.005072,0.049775,0.004493,False,52.5258383,13.411023,52.5258798,13.4110541
3,19,19865,29221562,9828580208,0.008103,0.049488,0.007179,False,52.5258798,13.4110541,52.5259143,13.4109486
3,20,19867,9828580208,13535482417,0.064993,0.048973,0.057584,False,52.5259143,13.4109486,52.5261882,13.4100999
3,21,19869,13535482417,12036393944,0.023523,0.0483,0.020841,False,52.5261882,13.4100999,52.5262873,13.4097927
3,22,19871,12036393944,9828580210,0.001326,0.050777,0.001175,False,52.5262873,13.4097927,52.5262929,13.4097754
3,23,19873,9828580210,29221559,0.004996,0.048611,0.004427,False,52.5262929,13.4097754,52.5263029,13.4097034
3,24,-1,29221559,29221572,0.035488,0.147836,0.031442,False,52.5263029,13.4097034,52.5266136,13.4098233
3,25,-1,29221572,29221570,0.066737,0.249207,0.059129,False,52.5266136,13.4098233,52.5268412,13.4089105
3,26,308387,29221570,9443073372,0.005948,0.048703,0.00527,False,52.5268412,13.4089105,52.5268909,13.408943
3,27,19835,9443073372,10760983702,0.09502,0.048937,0.084187,False,52.5268909,13.408943,52.5277178,13.4092973
3,28,19837,10760983702,7288375940,0.052696,0.049779,0.046689,False,52.5277178,13.4092973,52.5281764,13.4094937
3,29,19839,7288375940,3730313084,0.005543,0.051075,0.004911,False,52.5281764,13.4094937,52.5282245,13.4095152
3,30,404723,3730313084,12928949245,0.029605,0.050461,0.02623,False,52.5282245,13.4095152,52.5281567,13.4099384
3,31,19860,12928949245,4592659108,0.013789,0.050979,0.012217,False,52.5281567,13.4099384,52.5281251,13.4101355
3,32,19858,4592659108,29221556,0.010853,0.051292,0.009616,False,52.5281251,13.4101355,52.5280928,13.4102869
3,33,-1,29221556,98978100,0.053429,0.259843,0.047338,False,52.5280928,13.4102869,52.5285535,13.4101382
3,34,-1,98978100,29123430,0.023982,0.338319,0.021248,False,52.5285535,13.4101382,52.5287526,13.4100022
3,35,-1,29123430,262471375,0.034798,0.120412,0.030831,False,52.5287526,13.4100022,52.5288445,13.4095107
3,36,-1,262471375,1907668686,0.091578,0.304471,0.081138,False,52.5288445,13.4095107,52.5291088,13.4082286
3,37,-1,1907668686,29150675,0.069277,0.150506,0.06138,False,52.5291088,13.4082286,52.5292807,13.4072443
3,38,312098,29150675,9788931185,0.008342,0.048852,0.007391,False,52.5292807,13.4072443,52.5293485,13.4072971
3,39,312096,9788931185,9796685850,0.028391,0.048701,0.025155,False,52.5293485,13.4072971,52.5295793,13.4074766
3,40,312094,9796685850,26753109,0.009773,0.049372,0.008659,False,52.5295793,13.4074766,52.529659,13.4075375
3,41,233481,26753109,9788931172,0.005742,0.049909,0.005088,False,52.529659,13.4075375,52.529681,13.4074607
3,42,233479,9788931172,984714147,0.127411,0.04858,0.112886,False,52.529681,13.4074607,52.5304701,13.406095
3,43,327647,984714147,26753107,0.016856,0.056714,0.014934,False,52.5304701,13.406095,52.5304935,13.4058488
3,44,304145,26753107,9077192732,0.014128,0.047795,0.012517,False,52.5304935,13.4058488,52.5306205,13.4058427
3,45,508777,9077192732,9077192735,0.016804,0.047853,0.014889,False,52.5306205,13.4058427,52.5307716,13.4058382
3,46,508775,9077192735,13395956603,0.015714,0.048072,0.013923,False,52.5307716,13.4058382,52.5309111,13.4058754
3,47,202676,13395956603,9796685852,0.011603,0.048379,0.01028,False,52.5309111,13.4058754,52.5310141,13.4059029
3,48,202674,9796685852,26753085,0.00863,0.048705,0.007646,False,52.5310141,13.4059029,52.5310907,13.4059234
3,49,304149,26753085,9796685854,0.006195,0.049122,0.005489,False,52.5310907,13.4059234,52.5311456,13.405939
3,50,304147,9796685854,9077192736,0.115902,0.050636,0.102689,False,52.5311456,13.405939,52.5321726,13.4062318
3,51,17760,9077192736,3095237368,0.012208,0.05004,0.010817,False,52.5321726,13.4062318,52.5322814,13.406256
3,52,312099,3095237368,9786479990,0.007249,0.05046,0.006422,False,52.5322814,13.406256,52.5323198,13.4061694
3,53,312101,9786479990,11395600089,0.067534,0.049454,0.059835,False,52.5323198,13.4061694,52.5326774,13.4053624
3,54,312103,11395600089,6206068643,0.047765,0.048709,0.04232,False,52.5326774,13.4053624,52.5329303,13.4047916
3,55,312105,6206068643,10771343034,0.02853,0.04825,0.025278,False,52.5329303,13.4047916,52.533085,13.4044551
3,56,312107,10771343034,6442715890,0.000685,0.059247,0.000607,False,52.533085,13.4044551,52.5330887,13.404447
3,57,312109,6442715890,1667142705,0.007752,0.067808,0.006868,False,52.5330887,13.404447,52.533131,13.4043559
3,58,312111,1667142705,29150674,0.001491,0.052873,0.001321,False,52.533131,13.4043559,52.533138,13.4043371
3,59,242306,29150674,1666484696,0.001775,0.135631,0.001573,False,52.533138,13.4043371,52.5331468,13.4043152
3,60,242304,1666484696,6442715891,0.007976,0.067108,0.007067,False,52.5331468,13.4043152,52.5331866,13.4042171
3,61,242302,6442715891,10771343035,0.00155,0.052524,0.001373,False,52.5331866,13.4042171,52.5331943,13.404198
3,62,242300,10771343035,624615346,0.040108,0.04757,0.035536,False,52.5331943,13.404198,52.533394,13.4037042
3,63,242298,624615346,5327685888,0.043461,0.050451,0.038506,False,52.533394,13.4037042,52.5336111,13.4031699
3,64,242296,5327685888,8304555604,0.008111,0.047265,0.007186,False,52.5336111,13.4031699,52.5336508,13.4030693
3,65,242294,8304555604,1666487146,0.001579,0.051213,0.001399,False,52.5336508,13.4030693,52.5336587,13.4030499
3,66,242292,1666487146,9794943096,0.001649,0.05098,0.001461,False,52.5336587,13.4030499,52.533667,13.4030297
3,67,242290,9794943096,9794943084,0.007093,0.047255,0.006285,False,52.533667,13.4030297,52.5337028,13.4029429
3,68,242288,9794943084,6258612549,0.213652,0.046079,0.189295,False,52.5337028,13.4029429,52.5347795,13.4003267
3,69,242286,6258612549,13395956629,0.056616,0.043344,0.050162,False,52.5347795,13.4003267,52.5350648,13.3996334
3,70,508823,13395956629,9794943083,0.003257,0.044877,0.002886,False,52.5350648,13.3996334,52.5350812,13.3995935
3,71,508821,9794943083,28795335,0.010813,0.043126,0.00958,False,52.5350812,13.3995935,52.5351357,13.3994611
3,72,330232,28795335,2482532381,0.005609,0.043659,0.00497,False,52.5351357,13.3994611,52.5351267,13.3993795
3,73,330230,2482532381,13395956627,0.004022,0.044096,0.003563,False,52.5351267,13.3993795,52.535119,13.3993214
3,74,509299,13395956627,13398158628,0.053914,0.042177,0.047768,False,52.535119,13.3993214,52.5350154,13.3985427
3,75,508819,13398158628,3697420869,0.018161,0.041278,0.01609,False,52.5350154,13.3985427,52.5349805,13.3982804
3,76,325789,3697420869,3697420868,0.00422,0.042323,0.003739,False,52.5349805,13.3982804,52.534972,13.3982196
3,77,325787,3697420868,11546651555,0.005943,0.041684,0.005266,False,52.534972,13.3982196,52.5349602,13.3981339
3,78,325785,11546651555,26752062,0.007344,0.041297,0.006507,False,52.5349602,13.3981339,52.5349456,13.398028
3,79,330228,26752062,11546651533,0.007367,0.041132,0.006527,False,52.5349456,13.398028,52.534928,13.397923
3,80,330226,11546651533,3697420867,0.0059,0.041237,0.005228,False,52.534928,13.397923,52.5349139,13.3978389
3,81,330224,3697420867,3697420866,0.004126,0.041686,0.003656,False,52.5349139,13.3978389,52.5349024,13.3977809
3,82,509301,3697420866,13398158629,0.022645,0.040018,0.020063,False,52.5349024,13.3977809,52.5348353,13.3974648
3,83,330252,13398158629,1305224732,0.020472,0.039554,0.018138,False,52.5348353,13.3974648,52.5347747,13.397179
3,84,330250,1305224732,3924080665,0.013953,0.039281,0.012363,False,52.5347747,13.397179,52.5347334,13.3969842
3,85,330248,3924080665,10079286883,0.056798,0.038542,0.050323,False,52.5347334,13.3969842,52.5345652,13.3961913
3,86,330246,10079286883,9799573821,0.004694,0.038837,0.004159,False,52.5345652,13.3961913,52.5345516,13.3961256
3,87,330244,9799573821,1866801592,0.01039,0.037805,0.009205,False,52.5345516,13.3961256,52.5345194,13.3959814
3,88,330242,1866801592,9799573825,0.011489,0.037501,0.01018,False,52.5345194,13.3959814,52.5344801,13.3958243
3,89,330240,9799573825,10079286882,0.002587,0.03963,0.002292,False,52.5344801,13.3958243,52.5344713,13.3957889
3,90,107155,10079286882,3938841416,0.064497,0.036621,0.057144,False,52.5344713,13.3957889,52.5342507,13.394907
3,91,107153,3938841416,9799646371,0.034148,0.035306,0.030255,False,52.5342507,13.394907,52.5341301,13.3944427
3,92,107151,9799646371,11300064866,0.061325,0.034449,0.054334,False,52.5341301,13.3944427,52.5339135,13.3936089
3,93,378465,11300064866,9799646364,0.008204,0.033934,0.007269,False,52.5339135,13.3936089,52.5338846,13.3934973
3,94,378463,9799646364,343195233,0.007602,0.033831,0.006736,False,52.5338846,13.3934973,52.5338317,13.3934261
3,95,509136,343195233,9799646366,0.011253,0.033349,0.00997,False,52.5338317,13.3934261,52.5338947,13.3932959
3,96,509134,9799646366,13397977102,0.005936,0.033844,0.00526,False,52.5338947,13.3932959,52.5339286,13.3932281
3,97,183769,13397977102,1210125153,0.012836,0.033053,0.011372,False,52.5339286,13.3932281,52.5340019,13.3930815
3,98,183767,1210125153,10060447177,0.064657,0.032402,0.057286,False,52.5340019,13.3930815,52.5343676,13.3923383
3,99,327568,10060447177,343195205,0.052156,0.031639,0.04621,False,52.5343676,13.3923383,52.5346617,13.3917376
3,100,327566,343195205,10060443484,0.034157,0.03107,0.030263,False,52.5346617,13.3917376,52.534854,13.3913438
3,101,509130,10060443484,13397977101,0.03594,0.03063,0.031843,False,52.534854,13.3913438,52.5350557,13.3909286
3,102,509128,13397977101,13397970200,0.006634,0.030899,0.005877,False,52.5350557,13.3909286,52.5350945,13.3908541
3,103,327564,13397970200,673876026,0.013087,0.030224,0.011595,False,52.5350945,13.3908541,52.5351674,13.3907022
3,104,509123,673876026,13397970194,0.009066,0.030211,0.008033,False,52.5351674,13.3907022,52.5352198,13.3905995
3,105,217087,13397970194,10060428815,0.004858,0.030539,0.004304,False,52.5352198,13.3905995,52.5352479,13.3905445
3,106,217089,10060428815,13397970195,0.00232,0.031513,0.002056,False,52.5352479,13.3905445,52.5352613,13.3905182
3,107,509125,13397970195,13397970193,0.01828,0.029756,0.016196,False,52.5352613,13.3905182,52.535367,13.3903112
3,108,509121,13397970193,2270462770,0.004951,0.060194,0.004386,False,52.535367,13.3903112,52.5353956,13.3902551
3,109,315084,2270462770,12881933860,0.004494,0.030239,0.003981,False,52.5353956,13.3902551,52.5354215,13.3902041
3,110,315086,12881933860,1837885688,0.005278,0.086292,0.004676,False,52.5354215,13.3902041,52.5354517,13.3901439
3,111,315088,1837885688,1837885687,0.00177,0.03169,0.001569,False,52.5354517,13.3901439,52.5354619,13.3901238
3,112,297374,1837885687,9675797473,0.001654,0.031883,0.001465,False,52.5354619,13.3901238,52.5354733,13.3901395
3,113,297372,9675797473,1837885686,0.004118,0.030298,0.003649,False,52.5354733,13.3901395,52.5354997,13.3901822
3,114,297370,1837885686,1837885694,0.004959,0.030205,0.004393,False,52.5354997,13.3901822,52.5355315,13.3902336
3,115,297368,1837885694,4363314502,0.003942,0.030519,0.003493,False,52.5355315,13.3902336,52.5355574,13.3902734
3,116,297366,4363314502,10976375001,0.063004,0.032984,0.055821,False,52.5355574,13.3902734,52.5359669,13.3909172
3,117,297364,10976375001,1957082051,0.032156,0.031336,0.028491,False,52.5359669,13.3909172,52.5361759,13.3912458
3,118,335959,1957082051,8304511468,0.001998,0.034977,0.00177,False,52.5361759,13.3912458,52.5361874,13.3912231
3,119,335957,8304511468,12881933859,0.007415,0.072216,0.006569,False,52.5361874,13.3912231,52.5362301,13.3911389
3,120,335955,12881933859,9891848593,0.002156,0.034579,0.00191,False,52.5362301,13.3911389,52.5362425,13.3911144
3,121,335953,9891848593,4406799382,0.001758,0.03535,0.001558,False,52.5362425,13.3911144,52.5362526,13.3910944
3,122,335951,4406799382,12919682933,0.000555,0.044711,0.000492,False,52.5362526,13.3910944,52.5362558,13.3910881
3,123,403571,12919682933,12919682932,0.005597,0.032352,0.004959,False,52.5362558,13.3910881,52.536288,13.3910245
3,124,335971,12919682932,10162297278,0.008267,0.031628,0.007325,False,52.536288,13.3910245,52.5363356,13.3909306
3,125,335969,10162297278,1574769926,0.022874,0.030994,0.020266,False,52.5363356,13.3909306,52.5364673,13.3906708
3,126,335967,1574769926,12040695053,0.041403,0.030623,0.036683,False,52.5364673,13.3906708,52.5367058,13.3902007
3,127,335965,12040695053,12919682939,0.017889,0.030223,0.015849,False,52.5367058,13.3902007,52.536809,13.3899978
3,128,335963,12919682939,12919682936,0.001625,0.032277,0.00144,False,52.536809,13.3899978,52.5368184,13.3899794
3,129,335961,12919682936,10162332057,0.002167,0.031628,0.00192,False,52.5368184,13.3899794,52.5368311,13.3899551
3,130,335975,10162332057,674516362,0.030527,0.029851,0.027047,False,52.5368311,13.3899551,52.5370063,13.3896076
3,131,335973,674516362,10162329921,0.012644,0.029644,0.011203,False,52.5370063,13.3896076,52.5370783,13.3894629
3,132,403575,10162329921,1889594101,0.003688,0.030262,0.003268,False,52.5370783,13.3894629,52.5370996,13.3894211
3,133,403573,1889594101,12919682940,0.008731,0.029574,0.007736,False,52.5370996,13.3894211,52.5371505,13.3893228
3,134,335979,12919682940,1889575998,0.02132,0.029186,0.01889,False,52.5371505,13.3893228,52.537273,13.3890803
3,135,335977,1889575998,10162274796,0.056795,0.028788,0.05032,False,52.537273,13.3890803,52.5376005,13.3884359
3,136,171997,10162274796,1896030889,0.019347,0.028184,0.017141,False,52.5376005,13.3884359,52.5377106,13.3882144
3,137,171995,1896030889,26751801,0.009634,0.028138,0.008535,False,52.5377106,13.3882144,52.5377663,13.3881053
3,138,171993,26751801,3942838407,0.009203,0.028031,0.008154,False,52.5377663,13.3881053,52.5378201,13.3880019
3,139,171991,3942838407,6434425245,0.012923,0.027783,0.01145,False,52.5378201,13.3880019,52.5378945,13.3878551
3,140,171989,6434425245,1895989383,0.006812,0.027895,0.006035,False,52.5378945,13.3878551,52.5379337,13.3877777
3,141,171987,1895989383,12919682943,0.003434,0.028394,0.003042,False,52.5379337,13.3877777,52.5379534,13.3877386
3,142,403579,12919682943,12919682942,0.002716,0.028663,0.002406,False,52.5379534,13.3877386,52.537969,13.3877077
3,143,403577,12919682942,12919682941,0.050302,0.027204,0.044567,False,52.537969,13.3877077,52.5382577,13.3871351
3,144,335985,12919682941,10162329704,0.018677,0.026668,0.016548,False,52.5382577,13.3871351,52.5383649,13.3869225
3,145,403583,10162329704,674523019,0.032818,0.026322,0.029077,False,52.5383649,13.3869225,52.5385552,13.3865516
3,146,403581,674523019,12919682944,0.03839,0.025865,0.034014,False,52.5385552,13.3865516,52.5387762,13.3861155
3,147,335983,12919682944,674523005,0.002431,0.026918,0.002153,False,52.5387762,13.3861155,52.5387902,13.3860879
3,148,335981,674523005,26751520,0.013388,0.036599,0.011862,False,52.5387902,13.3860879,52.5388752,13.3859477
3,149,403595,26751520,9892114859,0.013476,0.036364,0.01194,False,52.5388752,13.3859477,52.5389816,13.3858523
3,150,403593,9892114859,12919682950,0.020921,0.025155,0.018536,False,52.5389816,13.3858523,52.5391519,13.3857208
3,151,328283,12919682950,12919682953,0.007599,0.025393,0.006733,False,52.5391519,13.3857208,52.5392117,13.3856664
3,152,328281,12919682953,10073221422,0.007255,0.025369,0.006428,False,52.5392117,13.3856664,52.5392688,13.3856145
3,153,403461,10073221422,12919464165,0.055057,0.024833,0.04878,False,52.5392688,13.3856145,52.539701,13.3852173
3,154,312825,12919464165,1895952574,0.009556,0.024819,0.008467,False,52.539701,13.3852173,52.5397761,13.3851486
3,155,312823,1895952574,10863500421,0.010639,0.024711,0.009426,False,52.5397761,13.3851486,52.5398597,13.3850721
3,156,312821,10863500421,26751489,0.022096,0.02444,0.019577,False,52.5398597,13.3850721,52.5400333,13.3849131
3,157,403459,26751489,9892114908,0.010322,0.0245,0.009146,False,52.5400333,13.3849131,52.5401137,13.3848368
3,158,403457,9892114908,12919705214,0.01069,0.024413,0.009471,False,52.5401137,13.3848368,52.540197,13.3847579
3,159,403775,12919705214,12919464164,0.004197,0.024927,0.003719,False,52.540197,13.3847579,52.5402297,13.3847269
3,160,403779,12919464164,12919705219,0.110728,0.02396,0.098105,False,52.5402297,13.3847269,52.5410926,13.3839097
3,161,403777,12919705219,12919705220,0.015633,0.023368,0.013851,False,52.5410926,13.3839097,52.5412141,13.3837934
3,162,362283,12919705220,674526912,0.004942,0.023814,0.004378,False,52.5412141,13.3837934,52.5412526,13.3837569
3,163,362281,674526912,10756766233,0.007722,0.023479,0.006841,False,52.5412526,13.3837569,52.5413122,13.3836983
3,164,403781,10756766233,12919705221,0.07421,0.022944,0.06575,False,52.5413122,13.3836983,52.5418909,13.3831517
3,165,362285,12919705221,10756705959,0.011821,0.022664,0.010473,False,52.5418909,13.3831517,52.541983,13.3830644
3,166,403783,10756705959,12919705222,0.003986,0.023251,0.003532,False,52.541983,13.3830644,52.542014,13.3830348
3,167,146788,12919705222,5837199354,0.010062,0.022601,0.008915,False,52.542014,13.3830348,52.5420924,13.3829605
3,168,146786,5837199354,3697390872,0.002875,0.023537,0.002547,False,52.5420924,13.3829605,52.5421155,13.3829414
3,169,146784,3697390872,11546969521,0.004214,0.023066,0.003734,False,52.5421155,13.3829414,52.5421469,13.3829065
3,170,146782,11546969521,1757025233,0.007998,0.022568,0.007086,False,52.5421469,13.3829065,52.5422065,13.3828403
3,171,270313,1757025233,11115079530,0.008677,0.02261,0.007688,False,52.5422065,13.3828403,52.5422609,13.3829323
3,172,270315,11115079530,1757025235,0.002887,0.023606,0.002558,False,52.5422609,13.3829323,52.542279,13.3829629
3,173,270317,1757025235,5837199356,0.003851,0.023322,0.003412,False,52.542279,13.3829629,52.5423031,13.3830038
3,174,270319,5837199356,560387483,0.015246,0.022818,0.013508,False,52.5423031,13.3830038,52.5423916,13.383176
3,175,373733,560387483,3697390876,0.009761,0.023152,0.008648,False,52.5423916,13.383176,52.542449,13.3832852
3,176,373735,3697390876,1368767479,0.018385,0.023336,0.016289,False,52.542449,13.3832852,52.5425315,13.3835208
3,177,280062,1368767479,11546969528,0.009058,0.023758,0.008026,False,52.5425315,13.3835208,52.542565,13.3836429
3,178,280064,11546969528,12919496464,0.008611,0.023965,0.007629,False,52.542565,13.3836429,52.5425972,13.3837587
3,179,403530,12919496464,2260710255,0.201642,0.027808,0.178655,False,52.5425972,13.3837587,52.543352,13.3864699
3,180,16140,2260710255,261746036,0.1941,0.031926,0.171972,False,52.543352,13.3864699,52.5440911,13.3890702
3,181,16142,261746036,5701088709,0.051726,0.03308,0.04583,False,52.5440911,13.3890702,52.5442858,13.3897649
3,182,270668,5701088709,5664784140,0.016265,0.033597,0.014411,False,52.5442858,13.3897649,52.5443476,13.3899829
3,183,270670,5664784140,5349786517,0.011301,0.033947,0.010013,False,52.5443476,13.3899829,52.5443889,13.3901356
3,184,270672,5349786517,5349786515,0.009966,0.034207,0.008829,False,52.5443889,13.3901356,52.5444262,13.3902696
3,185,270674,5349786515,12919464113,0.01903,0.034416,0.01686,False,52.5444262,13.3902696,52.5444974,13.3905255
3,186,403430,12919464113,3697400411,0.023206,0.034869,0.02056,False,52.5444974,13.3905255,52.5445843,13.3908375
3,187,348183,3697400411,3697400413,0.002723,0.03625,0.002412,False,52.5445843,13.3908375,52.5445941,13.3908744
3,188,348185,3697400413,26752897,0.008628,0.035408,0.007644,False,52.5445941,13.3908744,52.5446256,13.390991
3,189,53960,26752897,3941693901,0.006465,0.035655,0.005728,False,52.5446256,13.390991,52.5446756,13.3910398
3,190,53962,3941693901,26752898,0.0059,0.035805,0.005228,False,52.5446756,13.3910398,52.5447187,13.3910907
3,191,-1,26752898,12969505369,0.267685,0.352717,0.237169,False,52.5447187,13.3910907,52.546899,13.3894125
3,192,-1,12969505369,28302161,0.025122,0.067343,0.022258,False,52.546899,13.3894125,52.5471026,13.3892515
3,193,-1,28302161,24985997,0.316478,0.652166,0.2804,False,52.5471026,13.3892515,52.5494565,13.3867368
3,194,243037,24985997,349904567,0.018578,0.03796,0.016461,False,52.5494565,13.3867368,52.5495719,13.3865381
3,195,-1,349904567,28302018,0.09554,0.118815,0.084648,False,52.5495719,13.3865381,52.5501732,13.3855288
3,196,-1,28302018,28301844,0.079772,0.119601,0.070678,False,52.5501732,13.3855288,52.5506884,13.3847081
3,197,-1,28301844,28301841,0.107586,0.108676,0.095321,False,52.5506884,13.3847081,52.551366,13.3835723
3,198,-1,28301841,28301905,0.091577,0.129827,0.081138,False,52.551366,13.3835723,52.5519045,13.3825495
3,199,-1,28301905,28300103,0.079239,0.093645,0.070206,False,52.5519045,13.3825495,52.552298,13.3815725
3,200,-1,28300103,28301713,0.33623,0.315964,0.2979,False,52.552298,13.3815725,52.5550089,13.3837244
3,201,281588,28301713,7271818128,0.009857,0.041045,0.008734,False,52.5550089,13.3837244,52.555091,13.3837794
3,202,-1,7271818128,28300992,0.078877,0.203059,0.069885,False,52.555091,13.3837794,52.5557473,13.3842221
3,203,-1,28300992,28300996,0.032537,0.101617,0.028827,False,52.5557473,13.3842221,52.5560158,13.3844134
3,204,-1,28300996,29428370,0.181338,0.177443,0.160665,False,52.5560158,13.3844134,52.5575075,13.3854972
3,205,-1,29428370,1187014741,0.116735,0.089303,0.103427,False,52.5575075,13.3854972,52.5584725,13.3861771
3,206,-1,1187014741,29428372,0.024322,0.10642,0.021549,False,52.5584725,13.3861771,52.5586744,13.3863155
3,207,-1,29428372,277865232,0.047,0.078462,0.041642,False,52.5586744,13.3863155,52.5590745,13.3865364
3,208,108356,277865232,3933569898,0.01518,0.030269,0.013449,False,52.5590745,13.3865364,52.5591959,13.3866391
3,209,108358,3933569898,301111148,0.010706,0.044468,0.009485,False,52.5591959,13.3866391,52.5592815,13.3867116
3,210,108360,301111148,1912917781,0.017894,0.030527,0.015854,False,52.5592815,13.3867116,52.5594246,13.3868327
3,211,365442,1912917781,2739591096,0.030739,0.030707,0.027235,False,52.5594246,13.3868327,52.5596708,13.3870395
3,212,365444,2739591096,302045473,0.014112,0.031168,0.012504,False,52.5596708,13.3870395,52.559784,13.3871339
3,213,505474,302045473,29428374,0.011942,0.031408,0.010581,False,52.559784,13.3871339,52.55988,13.3872131
3,214,505476,29428374,13378960634,0.014078,0.031477,0.012473,False,52.55988,13.3872131,52.5599934,13.3873057
3,215,505472,13378960634,301273539,0.022596,0.031535,0.02002,False,52.5599934,13.3873057,52.5601754,13.3874544
3,216,210133,301273539,9922090844,0.009461,0.032122,0.008382,False,52.5601754,13.3874544,52.5602518,13.387516
3,217,210135,9922090844,1845060450,0.004532,0.033065,0.004015,False,52.5602518,13.387516,52.5602884,13.3875455
3,218,505466,1845060450,9922090845,0.003341,0.033709,0.00296,False,52.5602884,13.3875455,52.5603146,13.3875697
3,219,505468,9922090845,3933569902,0.029872,0.03694,0.026467,False,52.5603146,13.3875697,52.5605488,13.3877862
3,220,505470,3933569902,13378960626,0.010105,0.032583,0.008953,False,52.5605488,13.3877862,52.5606273,13.3878615
3,221,505458,13378960626,301111437,0.002318,0.035178,0.002054,False,52.5606273,13.3878615,52.5606453,13.3878788
3,222,505460,301111437,3933569903,0.005394,0.033331,0.004779,False,52.5606453,13.3878788,52.5606872,13.387919
3,223,505462,3933569903,301111133,0.045084,0.03253,0.039944,False,52.5606872,13.387919,52.5610374,13.3882551
3,224,505464,301111133,13378960625,0.004402,0.034157,0.0039,False,52.5610374,13.3882551,52.5610709,13.3882898
3,225,210111,13378960625,299538345,0.027995,0.032941,0.024804,False,52.5610709,13.3882898,52.5612839,13.3885106
3,226,210113,299538345,301112256,0.041417,0.033253,0.036696,False,52.5612839,13.3885106,52.5616025,13.388828
3,227,210115,301112256,11121946184,0.023163,0.040136,0.020522,False,52.5616025,13.388828,52.5617778,13.3890131
3,228,210117,11121946184,301112246,0.02171,0.034102,0.019235,False,52.5617778,13.3890131,52.5619421,13.3891866
3,229,210119,301112246,5434056016,0.01115,0.034619,0.009879,False,52.5619421,13.3891866,52.5620266,13.3892754
3,230,210121,5434056016,564631562,0.033259,0.034692,0.029468,False,52.5620266,13.3892754,52.5622787,13.3895402
3,231,210123,564631562,301112229,0.044395,0.038623,0.039334,False,52.5622787,13.3895402,52.5625949,13.3899412
3,232,210125,301112229,301112226,0.009616,0.051479,0.00852,False,52.5625949,13.3899412,52.5626628,13.3900293
3,233,210127,301112226,301112223,0.045069,0.04261,0.039931,False,52.5626628,13.3900293,52.5629695,13.3904652
3,234,210129,301112223,272845235,0.013642,0.036407,0.012087,False,52.5629695,13.3904652,52.5630602,13.3906011
3,235,210131,272845235,13378960624,0.020449,0.036375,0.018118,False,52.5630602,13.3906011,52.5631808,13.3908295
3,236,505456,13378960624,27199825,0.017192,0.036582,0.015232,False,52.5631808,13.3908295,52.5632822,13.3910215
3,237,22455,27199825,11121899357,0.00979,0.036801,0.008674,False,52.5632822,13.3910215,52.563341,13.3911293
3,238,22453,11121899357,13596298236,0.002238,0.037696,0.001983,False,52.563341,13.3911293,52.5633544,13.391154
3,239,528483,13596298236,270571138,0.015687,0.046359,0.013898,False,52.5633544,13.391154,52.5634485,13.3913269
3,240,528486,270571138,1848174653,0.013659,0.037072,0.012102,False,52.5634485,13.3913269,52.5635302,13.3914778
3,241,528484,1848174653,13596298237,0.004872,0.037457,0.004316,False,52.5635302,13.3914778,52.5635588,13.3915324
3,242,215997,13596298237,11232479501,0.032349,0.041941,0.028661,False,52.5635588,13.3915324,52.5637486,13.3918951
3,243,215999,11232479501,11121937482,0.004807,0.037852,0.004259,False,52.5637486,13.3918951,52.5637768,13.391949
3,244,216001,11121937482,11232479502,0.003925,0.038011,0.003477,False,52.5637768,13.391949,52.5637999,13.3919929
3,245,216003,11232479502,27199824,0.009668,0.03773,0.008565,False,52.5637999,13.3919929,52.5638569,13.3921009
3,246,216005,27199824,10958933544,0.04256,0.038001,0.037708,False,52.5638569,13.3921009,52.5641078,13.3925764
3,247,216007,10958933544,29428387,0.009298,0.038324,0.008238,False,52.5641078,13.3925764,52.5641626,13.3926803
3,248,92138,29428387,10958933542,0.004961,0.03862,0.004396,False,52.5641626,13.3926803,52.5641918,13.3927358
3,249,92140,10958933542,3933569899,0.009788,0.038484,0.008672,False,52.5641918,13.3927358,52.5642494,13.3928453
3,250,92142,3933569899,3933569900,0.016121,0.038572,0.014283,False,52.5642494,13.3928453,52.5643443,13.3930256
3,251,92144,3933569900,7475601055,0.00284,0.039338,0.002517,False,52.5643443,13.3930256,52.564361,13.3930574
3,252,92146,7475601055,4924619229,0.003257,0.039262,0.002886,False,52.564361,13.3930574,52.5643802,13.3930938
3,253,358823,4924619229,27199823,0.010393,0.039013,0.009208,False,52.5643802,13.3930938,52.5644399,13.3932121
3,254,-1,27199823,411051228,0.037494,0.118771,0.03322,False,52.5644399,13.3932121,52.5646648,13.3936254
3,255,222177,411051228,247765068,0.015489,0.039623,0.013723,False,52.5646648,13.3936254,52.5647578,13.393796
3,256,358811,247765068,3933569901,0.006336,0.040253,0.005613,False,52.5647578,13.393796,52.564795,13.393867
3,257,358813,3933569901,1847396272,0.012154,0.039941,0.010769,False,52.564795,13.393867,52.5648663,13.3940033
3,258,358815,1847396272,1845088977,0.010216,0.040151,0.009051,False,52.5648663,13.3940033,52.5649262,13.3941179
3,259,358817,1845088977,27199838,0.014082,0.050688,0.012477,False,52.5649262,13.3941179,52.5650091,13.3942754
3,260,486999,27199838,13304567139,0.029612,0.040264,0.026237,False,52.5650091,13.3942754,52.5651823,13.3946082
3,261,365438,13304567139,3933569894,0.001667,0.043665,0.001477,False,52.5651823,13.3946082,52.565192,13.394627
3,262,365440,3933569894,259763082,0.025985,0.040601,0.023023,False,52.565192,13.394627,52.5653433,13.39492
3,263,371458,259763082,1602066516,0.023943,0.040938,0.021214,False,52.5653433,13.39492,52.565501,13.3951612
3,264,365434,1602066516,3933569895,0.008195,0.041531,0.007261,False,52.565501,13.3951612,52.5655567,13.3952406
3,265,365436,3933569895,4799849032,0.029168,0.041398,0.025843,False,52.5655567,13.3952406,52.5657509,13.3955307
3,266,267543,4799849032,5699855307,0.021437,0.041863,0.018993,False,52.5657509,13.3955307,52.5658938,13.3957436
3,267,267545,5699855307,5699855308,0.004475,0.043004,0.003965,False,52.5658938,13.3957436,52.5659236,13.3957881
3,268,267547,5699855308,27199839,0.009762,0.057662,0.008649,False,52.5659236,13.3957881,52.5659887,13.395885
3,269,-1,27199839,1847396276,0.031855,0.084395,0.028223,False,52.5659887,13.395885,52.5659031,13.396316
3,270,487188,1847396276,13304964932,0.008951,0.042453,0.007931,False,52.5659031,13.396316,52.5658966,13.396448
3,271,487184,13304964932,13304964933,0.021007,0.042273,0.018613,False,52.5658966,13.396448,52.5658814,13.3967578
3,272,487186,13304964933,13304964931,0.012307,0.042735,0.010904,False,52.5658814,13.3967578,52.5658725,13.3969393
3,273,487182,13304964931,3997497610,0.026466,0.043035,0.023449,False,52.5658725,13.3969393,52.5658534,13.3973296
3,274,487172,3997497610,11039905360,0.004205,0.044318,0.003725,False,52.5658534,13.3973296,52.5658503,13.3973916
3,275,487174,11039905360,259420646,0.010268,0.043697,0.009097,False,52.5658503,13.3973916,52.5658427,13.397543
3,276,487176,259420646,10606695770,0.008718,0.043984,0.007724,False,52.5658427,13.397543,52.5658359,13.3976715
3,277,487178,10606695770,3997497614,0.173129,0.046982,0.153392,False,52.5658359,13.3976715,52.5657008,13.4002233
3,278,487180,3997497614,13304964922,0.022916,0.047692,0.020304,False,52.5657008,13.4002233,52.5656854,13.4005614
3,279,487158,13304964922,27199840,0.010767,0.048213,0.009539,False,52.5656854,13.4005614,52.5656786,13.4007203
3,280,220607,27199840,1845043947,0.013505,0.048385,0.011966,False,52.5656786,13.4007203,52.5656691,13.4009195
3,281,220609,1845043947,8611283909,0.018513,0.056671,0.016402,False,52.5656691,13.4009195,52.5656572,13.4011927
3,282,220611,8611283909,3997497613,0.011262,0.049101,0.009978,False,52.5656572,13.4011927,52.5656485,13.4013587
3,283,220613,3997497613,13304964921,0.007289,0.049543,0.006458,False,52.5656485,13.4013587,52.5656426,13.4014661
3,284,487166,13304964921,13304964918,0.005639,0.049901,0.004996,False,52.5656426,13.4014661,52.5656381,13.4015492
3,285,487162,13304964918,13304964920,0.003176,0.050788,0.002814,False,52.5656381,13.4015492,52.5656355,13.401596
3,286,487164,13304964920,13304964917,0.007098,0.049899,0.006289,False,52.5656355,13.401596,52.5656298,13.4017006
3,287,487160,13304964917,13304964919,0.037195,0.049999,0.032955,False,52.5656298,13.4017006,52.5655999,13.4022487
3,288,487168,13304964919,11037785174,0.016742,0.050546,0.014833,False,52.5655999,13.4022487,52.5655864,13.4024954
3,289,487170,11037785174,29428742,0.006434,0.051252,0.0057,False,52.5655864,13.4024954,52.5655812,13.4025902
3,290,-1,29428742,1861546760,0.413244,1.376853,0.366134,False,52.5655812,13.4025902,52.5692214,13.4015586
3,291,307841,1861546760,1861546785,0.001817,0.054571,0.00161,False,52.5692214,13.4015586,52.569226,13.4015328
3,292,307839,1861546785,9398207886,0.002144,0.054076,0.001899,False,52.569226,13.4015328,52.5692315,13.4015024
3,293,307837,9398207886,3135890097,0.004565,0.05262,0.004044,False,52.5692315,13.4015024,52.5692463,13.4014394
3,294,29913,3135890097,1861546762,0.003852,0.052894,0.003413,False,52.5692463,13.4014394,52.5692646,13.401391
3,295,29911,1861546762,1821788428,0.005064,0.052568,0.004487,False,52.5692646,13.401391,52.5692899,13.4013287
3,296,480052,1821788428,3135890104,0.00693,0.052323,0.00614,False,52.5692899,13.4013287,52.5693282,13.4012478
3,297,480050,3135890104,588159325,0.007866,0.05231,0.006969,False,52.5693282,13.4012478,52.5693745,13.4011598
3,298,29917,588159325,4470477068,0.003766,0.053181,0.003336,False,52.5693745,13.4011598,52.5693973,13.4011186
3,299,29915,4470477068,30429541,0.01876,0.052123,0.016622,False,52.5693973,13.4011186,52.569507,13.4009077
